episode,avg_trust
1,0.99925
2,1.0
3,1.0
4,1.0
5,1.0
6,0.9999203032540142
7,1.0
8,1.0
9,0.9998915185499685
10,1.0
