episode,avg_trust
1,0.5952309240960308
2,0.5962972312139692
3,0.5977392850822283
4,0.5989988994308897
5,0.6005283862806204
6,0.6015136234916524
7,0.6030172264235201
8,0.6037919714139895
9,0.6051615931098078
10,0.6077651770223176
